company,source_type,text,published_at,source
AGL,news,"[AGL energy] Small 40GB Mobile plan $9 (for 4 months, $25 ongoing) @ AGL. Decent deal on mobile service from AGL They use same stuff as other AGL telco so NBN from same team too. Hence its a great way to redeem your internet credit from extra signup deals you may have …",2026-04-17T05:17:37Z,Ozbargain.com.au
AGL,news,"[NSW, QLD, VIC, SA] Switch to AGL & Stay until 30 June Get $200 Bill Credit for Electricity, $200 for Internet @ AGL. For new and moving NSW, QLD, SA and VIC residential customers on selected plans. Ends 10 Jun 2026. Here are the Ts&Cs: “Get a one-off $200 (GST incl.) credit when you switch your home …",2026-04-06T10:19:26Z,Ozbargain.com.au
AGL,news,"Cogent Biosciences (COGT): Billionaire Stan Druckenmiller Admires Upside Potential of This Stock. Cogent Biosciences, Inc. (NASDAQ:COGT) is one of Billionaire Stan Druckenmiller’s 10 Small and Mid-Cap Stock Picks with Huge Upside Potential. Cogent...",2026-04-08T20:32:43Z,Yahoo Entertainment
AGL,news,"Why agilon health (AGL) Is Doing a 1-for-25 Reverse Split to Stay NYSE-Compliant. agilon health, inc. (NYSE:AGL) is one of the penny stocks with potential to rise 1000 percent. agilon health said on March 18, 2026, that it would implement ...",2026-03-29T20:48:23Z,Yahoo Entertainment
AGL,news,"$75 Bill Credit with Any New Mobile SIM Plan @ Southern Phone. Transfer your number or obtain a new one at Southern Phone before 31 May 2026, remain connected till 1 June, and receive $75 bill credit. Potentially 3 months free if signing up to the 20GB monthly …",2026-03-25T09:35:07Z,Ozbargain.com.au
AGL,news,"TCollection (New). Package:

TCollection

Summary: 

Examples of processing collections of objects

Groups: 

Data types, PHP 8

Author: 

Christos Drogidis

Description: 

This class provides example scripts of processing collections of objects...

Read more at https:…",2026-04-03T00:37:56Z,Phpclasses.org
AGL,news,Phillip Britt exits Aussie Broadband board. Ends technical advisory role.,2026-03-24T02:20:43Z,iTnews
AGL,news,"AGILON HEALTH STOCKHOLDER ALERT: Kaskela Law Firm Announces Stockholder Investigation of Agilon Health, Inc.and Encourages Long-Term AGL Stockholders to Contact the Firm. Kaskela is investigating Agilon Health, Inc. (NYSE: AGL) (“Agilon”) on behalf of the company’s long-term investors....",2026-03-31T12:15:00Z,GlobeNewswire
AGL,news,"Oxyzen Almanac Block. Package:

Oxyzen Almanac Block

Summary: 

Display the current day historical events

Groups: 

Content management, Global, PHP 5

Author: 

Christos Drogidis

Description: 

This package can display the current day's historical events...

Read more …",2026-04-19T07:23:32Z,Phpclasses.org
AGL,news,"AGILON HEALTH STOCKHOLDER ALERT: Kaskela Law Firm Announces Stockholder Investigation of Agilon Health, Inc.and Encourages Long-Term AGL Stockholders to Contact the Firm. PHILADELPHIA, March 31, 2026 (GLOBE NEWSWIRE) — Stockholder rights firm Kaskela Law announces that it is investigating Agilon Health, Inc. (NYSE: AGL) (“Agilon”) on behalf of the company’s long-term investors.  Click here for additional information: Recently …",2026-03-31T12:18:47Z,Financial Post
AGL,news,"5 things to watch on the ASX 200 on Wednesday. It looks set to be a very good day for Aussie investors today.
The post 5 things to watch on the ASX 200 on Wednesday appeared first on The Motley Fool Australia.",2026-03-31T20:00:51Z,Motley Fool Australia
AGL,news,"Were the Packers lucky last year? The numbers say no. They call her lady luck, but there is room for doubt.",2026-03-26T16:00:00Z,Acme Packing Company
AGL,news,"Cheap Batteries Are Taking Over the World’s Power Grids. Falling costs, rising electricity demand and the Iran War are nurturing a boom in energy storage.",2026-04-19T16:21:24Z,Financial Post
AGL,news,"Are the Commanders destined to draft a receiver with the 7th overall pick in the NFL draft?. A collection of articles, podcasts & tweets from around the web to keep you in touch with the Commanders, the NFC East, the NFL and sports in general, and a sprinkling of other stuff",2026-03-24T14:00:00Z,Hogs Haven
AGL,news,"Anniversary Statement: Boeing 737-800, G-CRUX. Takeoff from the incorrect runway intersection at Luton Airport, on 22 April 2025",2026-04-22T09:01:49Z,Www.gov.uk
AGL,news,"Amazon’s New Shenzhen Site Cuts Cross-Border Costs for Chinese Sellers. A newly launched Global Warehousing and Distribution program lets China-based merchants store inventory close to origin, helping them move goods to U.S. fulfillment centers faster.",2026-04-22T13:00:00Z,WWD
AGL,news,"AAIB Report: Hoffmann H36 Dimona, G-CIMC. Fatal accident involving a Hoffmann H36 Dimona, Darley Moor Airfield, Derbyshire, 8 April 2025",2026-04-02T09:05:03Z,Www.gov.uk
AGL,news,"Australia's 10 Best Workplace Companies 2026 Offer Exceptional Culture and Employee Satisfaction. As Australian businesses navigate economic pressures, hybrid work demands and talent shortages in 2026, a select group of companies stands out for creating environments where employees report high levels of trust, pride and camaraderie.",2026-04-06T02:49:27Z,Ibtimes.com.au
AGL,news,sdatmospheric added to PyPI. Easy lat/lon/altitude queries against NOAA HRRR/GFS weather data for rocketry.,2026-04-17T02:25:24Z,Pypi.org
AGL,news,Phillip Britt exits Aussie Broadband board. Ends technical advisory role.,2026-03-24T02:20:41Z,iTnews
CBA,news,"Inside the OpenAI project where freelancers train ChatGPT on everything from farming to commercial flying. Handshake AI contractors from niche industries were directed to create tasks that reflect real work, like animal husbandry.",2026-04-01T04:00:01Z,Business Insider
CBA,news,"After Putting Dearica Hamby Through the Wringer, the WNBA’s New CBA Includes a Pregnancy Clause. Teams must obtain player consent before trading a pregnant player,” the new tentative agreement states—nearly three years after Hamby alleged she was traded because of her pregnancy.",2026-03-23T17:22:45Z,Jezebel
CBA,news,"WNBA draft picks are about to get paid like never before: 'It's an incredible time'. With a new CBA signed, WNBA players are set to make more money than ever before. The rookies are more than excited.",2026-04-14T13:38:04Z,NBC News
CBA,news,"WNBA Reveals Playbook Behind ‘GOAT’ Marketing Campaign for Season 30. Following a new CBA, the WNBA's Season 30 campaign brings back GOATs like Sheryl Swoopes.",2026-04-07T10:00:00Z,Adweek
CBA,news,NFL approves plan to expand league assistance for replacement officials. The expanded assistance plan will only be implemented if the NFL and NFLRA do not agree on a new CBA.,2026-03-31T17:54:14Z,NBCSports.com
CBA,news,Luka Dončić to apply for Extraordinary Circumstances Challenge for 65-game requirement. A small provision in the CBA may allow Luka Dončić to be eligible for regular season awards.,2026-04-03T23:05:35Z,Yahoo Entertainment
CBA,news,"'There is no story here': WNBA commissioner gets defensive about future in wide-ranging pre-draft presser. Cathy Engelbert also discussed CBA negotiations, the officiating task force, the Connecticut Sun sale and more",2026-04-14T20:23:58Z,CBS Sports
CBA,news,WNBA Free Agency 101: FAQs ahead of the busiest and most-expensive free-agent period in league history. WNBA free agency will get started later this month after the new CBA was signed in March,2026-04-01T14:58:24Z,CBS Sports
CBA,news,"WNBA players unanimously approve a new 7-year collective bargaining agreement through 2032. WNBA players unanimously approved the new collective bargaining agreement on Monday with more than 90% participating in voting over the weekend. The seven-year CBA, which will begin this season and run through 2032, represents a landmark labor deal for the WN…",2026-03-23T15:49:16Z,Yahoo Entertainment
CBA,news,"WNBA and players unanimously approve agreement, setting up sprint to May season opener. The WNBA board of governors unanimously ratified the terms of a new collective bargaining agreement on Tuesday.",2026-03-24T20:13:19Z,CBC News
CBA,news,"J. Cole’s Chinese Basketball Association Stint Ends After Eight Scoreless Minutes. The rapper had to return home after playing just one game for the Nanjing Monkey Kings due to visa issues.
J. Cole’s Chinese Basketball Association Stint Ends After Eight Scoreless Minutes
Eddie Fu",2026-04-14T20:53:32Z,Consequence.net
CBA,news,"NFL is pushing its narrative regarding the CBA impasse with game officials. When it comes to the labor fight between the NFL and its game officials, the NFL Referees Association is operating with one hand tied behind its back.",2026-03-30T01:40:43Z,NBCSports.com
CBA,news,"NFL tells teams to zip it over CBA talks with NFL Referees Association. To no surprise, the league issues internal gag order regarding sensitive subject.",2026-03-29T19:00:57Z,NBCSports.com
CBA,news,WNBA's labor deal is a structural shift for women's sports. America's top women's basketball league just agreed to a new CBA. It will have a significant impact on women's sport.,2026-03-25T08:19:00Z,DW (English)
CBA,news,Who's to blame for officiating deficiencies?. Source says the officials haven't failed the league; the league has failed the officials.,2026-04-05T13:27:10Z,NBCSports.com
CBA,news,"NFL, referees union inch toward showdown as replacement officials loom. With the officials' CBA set to expire in May, the NFL is preparing contingency plans that could include replacement referees and a larger role for its centralized command center.",2026-03-25T18:12:33Z,CBS Sports
CBA,news,"WGA West Staff Union Delivers “Strike-Ending” Updated Contract Proposal To Management: “Enter A Fair Deal…And Reunite”. After trying to call WGA West leadership back to the bargaining table last weekend to seemingly no avail, the guild’s staff union is now taking a different approach. The WGSU delivered a new, “strike-ending” proposal to executive director Ellen Stutzman on Th…",2026-03-26T21:52:07Z,Deadline
CBA,news,Banks Don’t Have an AI Problem – They Have a Data Platform Problem. What CBA Live 2026 reveals about why AI initiatives stall - and how a strong data and governance foundation enables banks to scale AI in production.,2026-04-17T05:20:11Z,Databricks.com
CBA,news,"Bendigo Ready Credit Card $0 annual fee, access to 3 consecutive months of travel insurance @bendigobank. The Bendigo Ready Credit Card is similar to the CBA World Debit MasterCard but with longer travel insurance and no monthly fee. Main perks. $0 annual fee. $0 international transaction fees. Up to …",2026-04-01T11:38:52Z,Ozbargain.com.au
CBA,news,"Inside the WNBA’s 8-day, 100-hour CBA marathon negotiations that forged a transformational deal. The intense, all-night negotiations over the WNBA’s collective bargaining agreement were new to many on both sides. The grueling discussions lasted eight days and went well into the early morning hours each session. From “sandbox” meetings to delicacies from …",2026-03-24T07:30:17Z,Yahoo Entertainment
CBA,news,WNBA's deal a structural shift for women's sport. America's top women's basketball league just agreed to a new CBA. It will have a significant impact on women's sport.,2026-03-25T08:19:00Z,DW (English)
CBA,news,"NFL to Begin Hiring, Training Replacement Officials as Potential Ref Lockout Nears. The NFL is moving forward with plans to begin hiring and training replacement officials in the next several weeks.",2026-03-30T16:12:47Z,Fox Sports
CBA,news,Electric March Madness opening weekend; Phillies extend ace Cristopher Sánchez; new CBA for WNBA. Plus NFL players had a rough showing against flag football pros,2026-03-23T13:05:17Z,CBS Sports
CBA,news,Jerry Jones among NFL owners to join league negotiation talks with referee's union ahead of CBA expiration. Jerry Jones is among the owners trying to restart negotiations with the referee's union.,2026-04-10T16:59:35Z,Yahoo Entertainment
CBA,news,"Latest On MLBPA’s Funds. The Major League Baseball Players Association is putting aside money in anticipation of the end of the collective bargaining agreement, as it routinely does. Jorge Castillo of ESPN and Evan Drellich of The Athletic report that the union has about $519MM in to…",2026-04-02T20:15:06Z,MLB Trade Rumors
CBA,news,"Expect J.C. Tretter’s playing background to shape NFLPA’s approach to an 18-game season, CBA negotiations and more. That will influence when and whether the NFL expands to an 18-game regular season in the coming years; how the NFL navigates debate around grass and turf surfaces; and how the union advocates for players.",2026-03-24T19:01:25Z,Yahoo Entertainment
CBA,news,No NFL referees for Cardinals’ games? It just might be right around the corner. ﻿The term “Replacement Refs” is about to happen…..again,2026-04-07T16:21:00Z,Revenge of the Birds
CBA,news,"Cathy Engelbert sidesteps questions about WNBA future, talks CBA lessons. WNBA commissioner Cathy Engelbert discussed her future and surprising CBA issues at a pre-draft press conference.",2026-04-14T01:59:33Z,USA Today
CBA,news,'I'm not leaving Vegas': A'ja Wilson commits to re-signing with Aces ahead of historic WNBA free agency period. The WNBA's upcoming free agency period will be the next landmark in an unprecedented offseason,2026-04-03T18:42:10Z,CBS Sports
ANZ,news,"Oil jumps 8% to above $100 ahead of US blockade on Strait of Hormuz. Oil prices surged past $100 a barrel as the U.S. Navy prepared to blockade the Strait of Hormuz, following failed talks to end the war with Iran. This move is expected to significantly restrict Iranian oil shipments and exacerbate existing supply disruptions.…",2026-04-13T00:46:55Z,The Times of India
ANZ,news,"Home Loan Refinance Cashback: up to $4,000 @ IMB, Newcastle Permanent, BOQ, ME Bank, Queensland Country + More. Been shopping around to refinance off my current lender and the cashback landscape has shifted massively since I last looked. All of the Big Four are basically out, ANZ killed their $2k refinance …",2026-04-14T23:58:49Z,Ozbargain.com.au
ANZ,news,ANZ Banking Group names acting CISO. Following the retirement of Dr Maria Milosavljevic.,2026-04-22T20:23:00Z,iTnews
ANZ,news,"Free: Find Australian Class Action Settlement Money Owed to You (Westpac, Apple, Google, Optus & More). Australian companies have settled class actions worth billions of dollars and most people have no idea they're owed a slice of it. OweMe is Australia's first platform that finds every …",2026-04-02T09:30:32Z,Ozbargain.com.au
ANZ,news,"Commentary: Inflation rears its ugly head again amid Iran war – how bad could it get?. Singapore’s revised inflation forecasts remain at a reasonably manageable level, but the outlook is still far from clear, says ANZ’s Khoon Goh.",2026-04-15T22:00:00Z,CNA
ANZ,news,"Live Nation ANZ adds photographers to its ‘Next On’ initiative. Live Nation’s Australia and New Zealand business recently launched a ‘Next On’ scheme that aims to support developing artists – and now music photographers too. The scheme enables artists to play Live Nation venues without paying hire fees, keeping 100% of th…",2026-03-24T13:31:00Z,Music Ally
ANZ,news,"Economists see downside risks for Singapore GDP growth, but most stop short of revising forecasts for now. Deputy Prime Minister Gan Kim Yong warned that economic activity is likely to slow amid global trade and energy disruptions.",2026-04-07T13:30:47Z,CNA
ANZ,news,"Live: Stocks rally and Australian dollar gains on hopes of US-Iran deal. As the US Navy blockade of Iranian ports begins, stocks rise and oil prices retreat. Follow the day's events and insights from our business reporters on the ABC News live markets blog.",2026-04-13T21:35:52Z,ABC News (AU)
ANZ,news,"Super Netball expansion delayed as TV talks drag on. Two new teams were expected to join the league in 2027 to make Super Netball a 10-team competition, but slow broadcast negotiations are holding up the process.",2026-04-14T01:38:14Z,ABC News (AU)
ANZ,news,"Oil prices fall as US-Iran dialogue hopes ease supply concerns. BENGALURU, April 14 : Oil prices fell in early Asian trade on Tuesday as signs of potential U.S.-Iran dialogue to end their war reduced concerns about supply risks stemming from the U.S. blockade of the Strait of Hormuz.Brent futures declined by $1.86, or 1.8…",2026-04-13T22:13:31Z,CNA
ANZ,news,"HSBC chair says Middle East peace deal needed to restore global energy flows. HONG KONG, April 14 : HSBC Holdings Chair Brendan Nelson said on Tuesday that a Middle East peace deal was essential to ensure a substantial resumption of global energy flows, with oil-driven inflation looming as a major risk to the world economy.Nelson, spea…",2026-04-14T01:53:52Z,CNA
ANZ,news,"Asia bond outflows surge to four-year highs on inflation concerns. April 20 : Asian bonds recorded their largest monthly foreign outflows in four years in March as disruptions to oil and gas supplies from the Middle East conflict fueled inflation concerns, weighing on demand for fixed-income assets.Investors pulled a net $7.…",2026-04-20T07:53:36Z,CNA
ANZ,news,"Major crypto firm replaces CEO, fires staff after acquisition spree. Swyftx, an Australian cryptocurrency brokerage company, announced on Apr. 9 that it has replaced its CEO Jason Titman, with co-founder Alex Harper and former...",2026-04-15T23:35:17Z,TheStreet
ANZ,news,"Asian stocks rebound as Iran peace talks in focus. TOKYO: Stocks rebounded in early trading in Asia on Tuesday (Apr 21) as markets took heart from reports Iran is considering attending peace talks with the United States in Pakistan, with renewed bets on AI",2026-04-21T01:45:00Z,CNA
ANZ,news,"China's factories snap years-long deflation spell on Iran war price shock. BEIJING: China's factory-gate prices rose for the first time in more than three years in March, in an early sign that the war in Iran is feeding cost pressures into the world’s second-largest economy.",2026-04-10T06:51:00Z,CNA
ANZ,news,Height charts spotlight youth homelessness in charity campaign. We Are Mobilise and Droga5 have painted these poignant symbols of childhood on walls across Sydney and Melbourne to encourage passersby to donate,2026-04-20T02:02:40Z,Creative Review
ANZ,news,Hai Robotics and Maersk Redefine Fashion Fulfilment with High-Density Robotics at 10-Metre Scale in Singapore. Hai Robotics and Maersk Redefine Fashion Fulfilment with High-Density Robotics at 10-Metre Scale in Singapore,2026-04-15T11:43:31Z,BusinessLine
ANZ,news,"Spam from ANZ?. Received in the mail today:
 


 

 
       Hi GREGORY

It–s time to reverify your personal details
We–re committed to protecting you and the wider community from identity theft, fraud and other financial crime.
From time to time, we need to check in to ensu…",2026-04-14T06:24:16Z,Lemis.com
ANZ,news,"Buy, hold, sell: ANZ, NAB, and WiseTech shares. Let's see what analysts are saying about these popular shares this week.
The post Buy, hold, sell: ANZ, NAB, and WiseTech shares appeared first on The Motley Fool Australia.",2026-04-22T01:28:45Z,Motley Fool Australia
ANZ,news,Push for a Temu tax to level the playing field and support local retail firms. ANZ data shows apparel spending has grown at half the pace of total spend.,2026-04-14T19:06:31Z,New Zealand Herald
ANZ,news,"A live biohybrid bacterial therapy based on engineered Serratia marcescens. Bacterial therapies for cancer face safety and complexity challenges. Here, the authors develop an engineered Serratia marcescens platform that leverages natural pigment biosynthesis to trigger antitumor immunity and enable rapid bacterial clearance, controll…",2026-04-07T00:00:00Z,Nature.com
ANZ,news,"Dollar set for second weekly loss on Iran war peace hopes. HONG KONG, April 17 : The U.S. dollar was headed for a second consecutive weekly decline on Friday in tentative trade, as a ceasefire between Israel and Lebanon and prospects for fresh Iran talks prompted investors to unwind safe-haven positions.A 10-day ceas…",2026-04-17T02:04:41Z,CNA
ANZ,news,"Japan turns up FX heat as volatility rises, signals readiness to act. TOKYO, April 3 : Japanese Finance Minister Satsuki Katayama on Friday put currency traders on notice, saying the government stands ready to act against speculative moves in foreign exchange markets as volatility has risen ""significantly.""The yen, trading near…",2026-04-03T02:21:50Z,CNA
ANZ,news,"Buy, hold, sell: ANZ, Breville, and Macquarie shares. Is Morgans bullish or bearish on these shares in April? Let's find out.
The post Buy, hold, sell: ANZ, Breville, and Macquarie shares appeared first on The Motley Fool Australia.",2026-04-05T19:53:00Z,Motley Fool Australia
ANZ,news,"Oil Climbs as Strikes on Saudi Facilities Stoke Anxiety, Hormuz Near Standstill. Oil prices climbed on Friday, driven by fresh anxiety over supplies from Saudi Arabia and as tanker traffic through the critical Strait of Hormuz remained largely frozen. Prices were still headed for a loss as nerves eased over a fragile …",2026-04-10T09:03:45Z,Insurance Journal
ANZ,news,Consumer confidence deteriorates as Middle East conflict rages on. ANZ-Roy Morgan Consumer Confidence index drops to 17-month low.,2026-03-26T23:12:03Z,New Zealand Herald
ANZ,news,"ANZ now tips three RBNZ OCR hikes, starting in July. ANZ now tips three OCR hikes this year, starting with one in July.",2026-04-12T23:43:08Z,New Zealand Herald
ANZ,news,Oil prices fall as US-Iran dialogue hopes ease supply concerns. Oil prices dropped as talks between the U.S. and Iran offered hope for de-escalation. This eased worries about supply disruptions from the U.S. blockade of the Strait of Hormuz. Brent and WTI crude futures saw declines. Analysts suggest tight oil balances cou…,2026-04-14T02:37:33Z,The Times of India
ANZ,news,"How Retailer Exclusive Covers Help Absolute Batman Sell Over 300,000. Bleeding Cool has been reporting the increasing sales of Absolute Batman by Scott Snyder and Nick Dragotta to levels never considered possible for the title, alongside rises for the rest of the Absolute Universe and DC's whole DC All-In and Next Level line. B…",2026-03-23T18:58:07Z,Bleeding Cool News
Qantas,news,"Sneak peek at special Qantas jetliners for record-breaking 22-hour nonstop flights. This week’s Unlocking the World newsletter is all about air travel: the world’s busiest and best-rated airports, the most innovative new seat designs, and...",2026-04-18T10:00:56Z,CNN
Qantas,news,"American Airlines Now Supports iOS 26's Revamped Wallet Boarding Passes. American Airlines is now supporting the enhanced boarding pass feature that Apple added in iOS 26. The app's latest update says boarding passes in the Wallet app feature an updated look with Apple Maps integration, destination guides, and luggage tracking cap…",2026-04-13T19:59:06Z,MacRumors
Qantas,news,"Boeing deliveries soar past Airbus for the first time in years, but this is no time to unbuckle your seat belt. Supply chain and engineering woes keep the supply of new planes sputtering
Boeing has delivered more commercial planes in a quarter than Airbus for the first time in seven years.…",2026-04-15T05:59:12Z,Theregister.com
Qantas,news,"TSA workers are getting paid again, but airport chaos isn't going anywhere. The partial government shutdown that began in mid-February compounded ongoing staffing shortages, rising jet fuel costs, and consumer anxiety.",2026-03-28T18:14:28Z,Business Insider
Qantas,news,"Biggest US airline adds support for iOS 26 boarding passes in Wallet. As part of iOS 26, Apple launched a revamped experience for airline boarding passes in Apple Wallet. As of today, this feature is now supported by all four of the biggest airlines in the United States.



Delta, United, and Southwest all rolled out support fo…",2026-04-13T17:47:36Z,9to5Mac
Qantas,news,"Prince Harry and Meghan arrive in Australia for a low-key, privately funded visit. Prince Harry and his wife Meghan have begun their first Australian visit since their official royal tour in 2018",2026-04-14T08:16:05Z,Abcnews.com
Qantas,news,"How to redeem your Emirates Skywards miles for partner-operated flights right now. With Middle East travel disrupted, here are the best Emirates Skywards partner award sweet spots and how to transfer your points and miles into the program.",2026-03-27T13:00:27Z,The Points Guy
Qantas,news,"Marriott Guests Now Earn Points For Skipping Toilet Flushes — Saving Water Or Just Saving Money? [Roundup]. Marriott says guests can now earn points for skipping toilet flushes, raising the obvious question of whether this is about sustainability or simple cost cutting. Also in the roundup on April Fools' Day: Amex kills the Platinum Saks credit, Qantas swaps in a …",2026-04-01T12:04:36Z,Viewfromthewing.com
Qantas,news,United is debuting an ultra-premium long-haul Airbus jet. It has sliding doors and a walk-up snack bar — see inside.. United Airlines' highly anticipated Airbus A321XLR is expected to debut this summer and fly to far-flung destinations in Europe and South America.,2026-03-30T19:41:56Z,Business Insider
Qantas,news,"This Week in Security: The Supply Chain Has Problems. The biggest story of the week is a new massive supply chain breach, which appears to be unrelated to the previous massive supply chain breaches, this time of the Axios HTTP project. Axios …read more",2026-04-03T14:00:26Z,Hackaday
Qantas,news,"Australia Inc starts to feel Iran war fallout, raising stagflation risk. SYDNEY, April 14 (Reuters) - Australia's corporates are starting to count the cost of the war in the Middle East, with profit warnings from two top companies...",2026-04-14T06:31:14Z,Yahoo Entertainment
Qantas,news,Qantas Cuts U.S. and Domestic Flying as Fuel Crisis Forces European Pivot. Qantas is cutting U.S. and domestic capacity while boosting European services as the Iran war drives jet fuel and operational costs up.,2026-04-14T11:39:23Z,Skift
Qantas,news,"The US-Israeli war on Iran is making air travel more expensive. What does this mean for your trip?. As the US-Israeli war on Iran enters its second month and jet fuel prices continue to surge, the global aviation industry is being forced to re-evaluate operations. But what does this mean for the average traveler with upcoming trip plans?
The post The US-Isr…",2026-04-01T21:44:00Z,Adventure.com
Qantas,news,We May Be Living Through the Most Consequential Hundred Days in Cyber History. An archive of this year’s insane timeline of hacks few people are talking about,2026-04-13T14:53:05Z,Substack.com
Qantas,news,"Breaking: Qantas cancels flights between Adelaide and Mount Gambier amid fuel shortages. Qantas will no longer fly to South Australia's largest regional city, citing fuel shortages and declining demand for flights to Mount Gambier.",2026-04-14T00:22:11Z,ABC News (AU)
Qantas,news,"When Flying Cheap Through the Middle East Comes With a Catch. Gulf carriers continue to offer some of the lowest fares between Europe and Asia, but as the Iran war drags on, the lure of a good deal has to be weighed against the risks of flying through the region.",2026-04-10T14:56:50Z,Skift
Qantas,news,"Qantas launches massive sale with over two million discounted fares - despite concerns over jet fuel supply. Qantas has launched a mega‑sale of more than two million fares from just $99, despite mounting concerns over jet fuel supply and rising price volatility.",2026-04-22T00:29:27Z,Dailymail.com
Qantas,news,"Qantas and Virgin scrap hundreds of upcoming flights on popular routes as fuel prices soar. Virgin Australia and Qantas said the cutbacks, which will impact regional Australia most, will help manage costs as fuel prices soar from the impact of the Iran war.",2026-04-23T02:45:12Z,Dailymail.com
Qantas,news,"Breaking: Qantas cuts domestic flights and raises fares as fuel costs blow out. Qantas will cut domestic flights due higher fuel costs and the uncertainty of the Middle East war, as it flags as much as $800 million in extra fuel costs.",2026-04-14T01:04:22Z,ABC News (AU)
Qantas,news,"QANTAS: First Project Sunrise A350-100ULR jet rolls out. After years of hype, delays and plenty of scepticism, Qantas, or more accurately, Airbus, has rolled out its first ultra-long-haul Airbus A350-1000ULR from the factory in Toulouse, marking a major milestone for Project Sunrise. It’s a timely occurrence, with …",2026-04-12T13:46:51Z,2paxfly.com
Qantas,news,Qantas: Gold Coast to Auckland $199 One Way (Fly June) @ skyscanner. Cheaper than Jetstar on Qantas flight to NZ.. I was searching for a flight around June long weekend and come across this deal,2026-04-22T08:13:39Z,Ozbargain.com.au
Qantas,news,"Australia's Qantas warns of big bill from higher jet fuel prices. The cost of jet fuel in the second half of 2026 is now expected to be A$3.1 billion to A$3.3 billion, up from A$2.5 billion in Qantas' previous forecast.",2026-04-14T03:40:36Z,CNA
Qantas,news,"""Anything good is kind of costly"" says Marc Newson. Forty years ago, Marc Newson designed what would become the most expensive work ever sold at auction by a living designer. In this interview, he reflects on affordability, collectible design and current projects, including Ferrari's first electric car. Newson…",2026-03-26T11:25:43Z,Dezeen
Qantas,news,11 million students possibly at risk after classroom software used by millions hacked. Infinite Campus was breached by ShinyHunters - but says it won't negotiate with the attackers.,2026-03-25T17:10:00Z,TechRadar
Qantas,news,"Bar Cart Qantas Full Cart 10 Drawers Empty [50,000 QFF Pts] - Including Delivery to Selected Postcodes. Qantas Full Cart 10 Drawers Empty - Including Delivery to Selected Postcodes Secure a piece of aviation history with a pre-loved bar cart that has proudly flown across Australia and is now ready to …",2026-04-19T03:35:44Z,Ozbargain.com.au
Qantas,news,"Lufthansa trims 20,000 flights from 2026 schedules, will ground Airbus A340-600s from high fuel costs. Lufthansa is grounding its Mitsubishi CRJs and Airbus A340-600s in response to high fuel prices.",2026-04-22T21:00:39Z,The Points Guy
Qantas,news,"Audio-Technica AT-SB727 Sound Burger Black or Yellow $159 (RRP $429) + Free Delivery @ Qantas Marketplace. Missed out on the JB Hi-Fi deal? Qantas Marketplace has got you covered! $10 more than JB Hi-Fi, and only Black and Yellow are available at this price, but you do get free delivery and 3 QFF points …",2026-04-18T22:51:25Z,Ozbargain.com.au
Qantas,news,Could Australia make enough biofuel to keep us flying?. Australia exports billions of dollars worth of canola seed and corn husks to make sustainable jet fuel that is sold back to us. This is what it will take to make it here.,2026-04-19T04:12:57Z,ABC News (AU)
Santos,news,"I tested button-up tops from Banana Republic, Gap, and Old Navy. My favorite was durable and budget-friendly.. I ordered button-up shirts from Old Navy, Gap, and Banana Republic. I wore each top for a full day and rated them based on style, price, and quality.",2026-04-15T11:57:01Z,Business Insider
Santos,news,"I tested denim jackets from Banana Republic, Old Navy, and Gap. One became my new closet staple.. I ordered denim jackets from Old Navy, Gap, and Banana Republic. After testing each of them, one stood out in terms of style, fit, and comfortability.",2026-04-01T11:37:01Z,Business Insider
Santos,news,"The $200 billion functional drink boom is turning into a wellness arms race. Consumers are turning their daily beverages into a kind of DIY wellness routine, and companies are racing to keep up.",2026-04-10T08:11:01Z,Business Insider
Santos,news,A PS2 Game That Does Not Actually Exist Is The Perfect Parody Of The Pitt. The animated parody of the HBO Max show imagines it as a PS2-era medical sim,2026-04-17T16:43:02Z,Kotaku
Santos,news,House panel finds Florida Democrat guilty of ethics violations. The House Ethics Committee has found evidence that Rep. Sheila Cherfilus-McCormick violated House rules. This comes after the panel held a rare public hearing to review investigations into allegations against the Florida Democrat.,2026-03-27T15:32:06Z,NPR
Santos,news,"The real science of Pokémon. The Pokémon franchise, including its recent game Pokémon Pokopia, is inspired by real animals and their ecology. It’s no surprise that so many scientists love to try and “catch ’em all”",2026-04-14T11:00:00Z,Scientific American
Santos,news,"‘The Pitt’ Star Isa Briones Is Ready to Give Her Stethoscope a Break. 'The Pitt' star Isa Briones talks about Season 2, Santos and Langdon's feud, misogynist fans, and her new role on Broadway in 'Just in Time.'",2026-04-19T13:00:00Z,Rolling Stone
Santos,news,"Dos Santos signs first contract after bar fire. Metz defender Tahirys dos Santos, who survived a Swiss bar fire on New Year's Eve that killed 41 people, says ""this ordeal made me stronger"".",2026-04-21T12:05:41Z,BBC News
Santos,news,The Pitt Season 2 Finale Post-Credits Scene Explained. The Pitt season 2 ends with a surprising (and surprisingly fun) credits scene that sends viewers out on a high note after the season's stressful shift.,2026-04-17T02:00:00Z,/FILM
Santos,news,"The alcohol crisis quietly hitting high-stress, “high-status” workers. Alcohol use in the United States has reached historic lows. That’s good news for the public’s health. A 2024 study from the CDC concluded that alcohol was the direct or indirect cause of more than 175,000 deaths annually in the United States, so any positive …",2026-04-15T21:24:19Z,Vox
Santos,news,The Pitt Brings the Crisis Home. What the hit show’s approach to Dr. Robby reveals,2026-04-17T13:20:00Z,The Atlantic
Santos,news,"Behind the unraveling of Dan Crenshaw. In 2019, a 36-year-old Rep. Dan Crenshaw (R-TX), newly elected to Congress, was photographed for the inaugural Time 100 Next List, wearing a dashing eye patch and looking upwards with hope. A Harvard-educated Navy SEAL who'd lost his legs while fighting the T…",2026-04-21T21:44:43Z,The Verge
Santos,news,"Love Island: Beyond the Villa: Here's How to Watch Season 2. It's time to welcome back Amaya, Bryan, Iris, Pepe and the gang to our screens.",2026-04-14T12:00:51Z,CNET
Santos,news,"Toddler Sexually Abused After Immigration Agents Took Her From Her Mom. A three-year-old girl’s family alleges she was sexually abused in foster care after being separated from her mother by immigration enforcement, The Associated Press reported Sunday. After crossing illegally through the U.S.-Mexico border near El Paso, the gir…",2026-04-06T17:37:03Z,The New Republic
Santos,news,"Republican Congressman Caught Asking Another Staffer for Nudes. Republican Representative Tony Gonzales is again in trouble for pursuing a sexual relationship with one of his staffers.The San Antonio Express-News reports that Gonzales, when he was first running for Congress in 2020, pestered one of his campaign aides for …",2026-04-06T16:39:08Z,The New Republic
Santos,news,Hegseth Claims Rescued Airman in Iran Is Like … Jesus?. A boisterous Defense Secretary Pete Hegseth compared one of the rescued fighter pilots downed in Iran to Jesus Christ resurrecting from the dead and emerging from his tomb on Easter Sunday.Hegseth made an appearance at President Trump’s briefing Monday regard…,2026-04-06T18:12:53Z,The New Republic
Santos,news,"Marlins Notes: Stowers, Conine, De Los Santos. Marlins’ outfielder Kyle Stowers is nearing a return, according to MLB.com’s Christina De Nicola. Stowers will begin a rehab assignment with Triple-A Jacksonville Jumbo Shrimp this Friday. The 28-year-old enjoyed a breakout 2025 after cracking 25 homers, and …",2026-04-10T00:37:13Z,MLB Trade Rumors
Santos,news,"Trump Threatens to Jail Journalist Who First Reported Missing Airman. Donald Trump announced his plans to arrest and detain the individual that first reported the missing airman in Iran—as soon as he figures out who it is.In the midst of a sprawling, nonsensical speech at the White House Monday, the president claimed that the g…",2026-04-06T18:32:35Z,The New Republic
Santos,news,Marshals Episode 8 Finally Delivers What The Yellowstone Spin-Off Has Been Missing. The eighth episode of Marshals' first season finally delivered something the Yellowstone spin-off series has been lacking: a dangerous villain.,2026-04-20T15:30:00Z,/FILM
Santos,news,"Thanks To Our Species’ Careless Behavior, Turtle Nests Are Now Full Of Plastic, Even On Islands With No Human Inhabitants. That is not a good thing at all.",2026-04-06T13:48:01Z,Twistedsifter.com
Santos,news,Congress returning from 2-week recess as Iran debate rages and members face expulsion. House and Senate Dems plan to force votes on Iran war powers resolutions.,2026-04-13T09:16:35Z,Abcnews.com
Santos,news,"‘The Pitt’ Season 2 Finale Is Open to Interpretation — So Long as You Watch Through the Credits. After spending a season worrying about Dr. Robby (Noah Wyle), the finale once again revolves around pulling our good doctor back from the brink. But whether the staff's efforts succeed or not isn't the only lingering question ahead of Season 3.",2026-04-17T02:00:00Z,IndieWire
Santos,news,"Drone strike on Sudan hospital kills 10, medical charity MSF says. Two strikes on Al Jabalain Hospital in White Nile State hit an operating theatre and a maternity ward, MSF says.",2026-04-03T18:32:43Z,Al Jazeera English
Santos,news,"Marlins To Recall Deyvison De Los Santos For MLB Debut. The Marlins are promoting first baseman Deyvison De Los Santos, reports Kevin Barral of Fish On First. Miami scratched Christopher Morel from tonight’s starting lineup with a left oblique strain. The Fish will know more about Morel’s status after he goes for …",2026-03-28T03:38:41Z,MLB Trade Rumors
Santos,news,"You Oughta Know, ‘The Pitt’ Finale’s Karaoke Credits Scene Is a Gift for the Fans. Series creator R. Scott Gemmill tells IndieWire about the ways, big and small, that 'The Pitt' wraps up its character arcs for Season 2.",2026-04-17T13:00:00Z,IndieWire
Santos,news,"What Happened To Whitaker's ID Badge On The Pitt Season 2. Whitaker lost his new doctor badge during The Pitt, and fans wanted to know where it went. The Season 2 finale finally gives us an answer.",2026-04-17T01:30:00Z,/FILM
Santos,news,"""We've taken it further in every measurable way"": Maingear's new MG-1 Mk. II looks like the custom gaming PC to beat. Maingear has revealed a refreshed MG-1 Mk. II custom gaming PC that builds on what made the original model so great. It's more powerful, it runs cooler, and its cables are hidden. Here's how it works.",2026-04-22T13:00:00Z,Windows Central
Santos,news,"Source: Cincinnati looking into move for Neymar. Neymar has emerged as the latest global soccer icon to draw interest from MLS, as FC Cincinnati started exploring options to bring the Santos star to the United States, a source told ESPN's Nathalia Ferrão.",2026-04-10T00:09:27Z,ESPN
Santos,news,A Democratic Representative Could Go the Way of George Santos. A House Ethics panel determined that Florida representative Sheila Cherfilus-McCormick was guilty of 25 violations in connection to alleged financial fraud. She may face an expulsion vote.,2026-03-27T19:10:25Z,New York Magazine
Santos,news,Briton Mokaev added to Rousey v Carano undercard. Briton Muhammad Mokaev will fight Adriano Moraes in a flyweight bout on the undercard of Ronda Rousey v Gina Carano in May.,2026-03-24T14:38:24Z,BBC News
NBN,news,"Forget 2Gbps NBN — NBN Co’s latest full-fibre speed trial proves the network can go much, much faster. It's taken years to get multi-gigabit internet in Australia, but now they're already achieving over 200 gigabits per second!",2026-03-27T04:39:54Z,TechRadar
NBN,news,"I’ve put my detective hat on to seek out the NBN plans offering the best value in April 2026 — these 3 came out on top. And with all three being among the cheapest for their respective speed tier, you can save cash and stream more",2026-04-14T00:04:42Z,TechRadar
NBN,news,nbn FTTP or HFC 500/50 $79/Month with a Static IPv4 @ Carbon Comms.  $79/month for 500/50 NBN – Carbon Comms Price Drop  Static IP + No CGNAT + Unlimited Data We’ve dropped the price on one of our most popular plans: NBN 500/50Mbps now $79/month What …,2026-04-11T01:28:13Z,Ozbargain.com.au
NBN,news,"Digital divide grows for thousands of Australians missing out on NBN. Despite popular belief, not all Australians are guaranteed access to the NBN — and as many consumers have discovered, alternative networks do not always provide quality service.",2026-04-17T22:29:09Z,ABC News (AU)
NBN,news,50% off Home nbn Plans for 2 Months @ Telstra. Online exclusive offer for new services taking up any nbn Home Internet plan using code ONLINE50. Offer ends 20 April 2026. Monthly discount may end if you change plans. For Internet plans with …,2026-04-09T07:31:13Z,Ozbargain.com.au
NBN,news,"500/50 with SpinTel through TechRadar for $53 (first 6 months), 1000/100 $86p/m (first 6 months). Found these yesterday, no tricks or codes just direct . Special though TechRadar but the direct link seems to work Switch took about 20 mins, no down time SpinTel Home Turbo | NBN 500 / 500Mbps TES …",2026-04-02T23:04:04Z,Ozbargain.com.au
NBN,news,"nbn 500/50 $53.5/Month, 750/50 $64month, 1000/100 $69.5/Month for 6 Months @Origin Energy. Deal: nbn 500/50 $53.5/Month, 750/50 $64.5/Month, 1000/100 $69.5/Month for 6 Months @Origin Energy, Store: Origin Energy, Category: Internet",2026-04-03T00:00:38Z,Ozbargain.com.au
NBN,news,"'The Morning Show' Season 5 Cast Updates: 4 Actors Join the Cast, 10 Stars Confirmed to Return & 2 Stars Exit. The Morning Show season five is currently in production! The Apple TV drama series kicked off filming on the next season in mid-March 2026, and there have been several updates on the cast. Last season started in “spring 2024, almost two years after the events…",2026-04-19T07:07:53Z,Just Jared
NBN,news,"Sign up to Optus Fast nbn 500/50 $69/Month, Stay until 30th July & Receive $250 Visa eGift Card @ Finder. BYO modem plan eligible - read t&c below Stacks well with the $69pm 500/50 promo plan, after you receive $250 GC works out to either around 3.5mths free or stay the 6mths $28pm Any eligibility …",2026-04-09T09:31:20Z,Ozbargain.com.au
NBN,news,"[AGL energy] Small 40GB Mobile plan $9 (for 4 months, $25 ongoing) @ AGL. Decent deal on mobile service from AGL They use same stuff as other AGL telco so NBN from same team too. Hence its a great way to redeem your internet credit from extra signup deals you may have …",2026-04-17T05:17:37Z,Ozbargain.com.au
NBN,news,Could Australia make enough biofuel to keep us flying?. Australia exports billions of dollars worth of canola seed and corn husks to make sustainable jet fuel that is sold back to us. This is what it will take to make it here.,2026-04-19T04:12:57Z,ABC News (AU)
NBN,news,Telstra mobile customers set for a second price hike in 12 months — is it enough to finally convince you to switch?. Australia's largest telco is raising prices across postpaid and prepaid plans by as much as AU$45.,2026-03-27T06:09:49Z,TechRadar
NBN,news,"Non-toxic silver telluride colloidal quantum dot mid-infrared photodetector. Eom et al. report the growth of Ag2Te colloidal quantum dots for mid-infrared photodetectors covering the 3–5 μm infrared range. The detector shows a rise/fall time of 211/523 ns and a noise-equivalent temperature difference of 0.3 K, which has potential for …",2026-04-04T00:00:00Z,Nature.com
NBN,news,Phillip Britt exits Aussie Broadband board. Ends technical advisory role.,2026-03-24T02:20:43Z,iTnews
NBN,news,"'Attention-seeking' man allegedly targeted police, defence in 'cybercrime spree'. A 22-year-old Adelaide man who allegedly went on a ""cybercrime spree"", targeting several government departments and a courthouse, will remain behind bars until at the least the end of the year.",2026-04-16T09:06:19Z,ABC News (AU)
NBN,news,Superloop puts functional separation bid to ACCC. Regulator's initial view positive.,2026-04-15T21:58:00Z,iTnews
NBN,news,"Supramolecular engineering of amyloid-inspired tripeptide assemblies enabling tunable piezoelectricity. Peptide assemblies can be used to prepare piezoelectric materials, but the role of peptide sequence and side chains is not well understood. Here, the authors report the study of the factors on the supramolecular stacking and piezoelectric properties of diphen…",2026-04-15T00:00:00Z,Nature.com
NBN,news,"Internal field tailoring enables low noise high speed colloidal quantum dot photodetectors beyond 1500 nm. Park et al. report a field-tailoring strategy by using n-type InAs as the absorber and p-type InAs as the hole transport layer to suppress leakage current for colloidal quantum dot photodetectors, enabling a low dark current of 9.7E-7 A cm2 and fast response …",2026-04-02T00:00:00Z,Nature.com
NBN,news,"Northeast Bank Announces Dates for Fiscal 2026 Third Quarter Earnings Results and Conference Call. PORTLAND, Maine, April 21, 2026 (GLOBE NEWSWIRE) -- Northeast Bank (the “Bank”) (NASDAQ: NBN), a Maine-based bank, announced today it will release its fiscal 2026 third quarter earnings results on Monday, April 27, 2026. Following the release, the Bank will h…",2026-04-21T15:00:00Z,GlobeNewswire
NBN,news,"nbn Fttp or HFC 1000/100 Plan $59/Month (Existing Customers) @ Optus. Joined Optus Live Chat and told them I wanted to cancel my plan since other ISPs like DoDo were offering a much better and faster plan for a cheaper price (1000/100 for $78), they told me they could …",2026-04-19T23:54:41Z,Ozbargain.com.au
NBN,news,Politics with Michelle Grattan: former minister Ed Husic on why Labor must ‘stare down’ gas companies over tax. The former cabinet minister said Australians have been ‘sold short’ by not taxing gas exports enough.,2026-04-21T10:59:14Z,The Conversation Africa
NBN,news,"Synergistic multiscale reinforcement of sand concrete incorporating steel fibers and granulated blast-furnace slag. Sand concrete is increasingly recognized as a resource-efficient cementitious material; however, its widespread adoption in load-bearing applications remains limited by relatively low mechanical strength and brittle behavior. This study investigates a multisc…",2026-04-14T00:00:00Z,Nature.com
NBN,news,"Amazon Leo targets mid-2026 commercial launch as enterprise beta goes live. In short: Amazon’s satellite internet service, rebranded from Project Kuiper to Amazon Leo in November 2025, entered enterprise beta on April 8, 2026, with commercial availability targeted for mid-2026 per Andy Jassy’s annual shareholder letter. The service o…",2026-04-10T12:54:46Z,The Next Web
NBN,news,Nine Entertainment appoints WIN Corp exec Chris Halios-Lewis to board. Australia's Nine Entertainment has appointed a senior executive from regional television network WIN Corporation to its board. Chris Halios-Lewis is the chief financial officer (CFO) and chief operatin...,2026-03-27T09:30:27Z,C21media.net
NBN,news,sphinxcontrib-bibtex-urn added to PyPI. Sphinx/pybtex plugin for Finnish URN identifier support in bibliographies,2026-03-31T08:50:54Z,Pypi.org
NBN,news,Pembrolizumab and olaparib in homologous-recombination-deficient metastatic pancreatic cancer: the phase 2 POLAR trial. Results of the phase 2 POLAR trial show that biomarker-guided treatment in patients with metastatic pancreatic cancer based on homologous repair deficiency leads to encouraging clinical response rates in immune cell-infiltrated tumors.,2026-03-25T00:00:00Z,Nature.com
NBN,news,NBN Co overestimates costs of providing better service. By up to 92 percent.,2026-04-15T11:38:00Z,iTnews
NBN,news,"Spark launches Starlink satellite-to-mobile: Some get it free, some have to pay. PLUS: 2degrees has updates on its AST SpaceMobile ground station in Marton.",2026-04-01T22:05:46Z,New Zealand Herald
NBN,news,"10 Essential Things You Must Know to Use Starlink in Australia in 2026: From Setup to Roaming. SYDNEY — Starlink, SpaceX's satellite internet service, has transformed connectivity for thousands of Australians in remote, regional and rural areas where traditional NBN or fixed broadband falls short.",2026-03-26T11:26:13Z,Ibtimes.com.au
NBN,news,"New ACMA rules to make telcos more accountable for outages. Add to requirement for ""live"" outage notifications.",2026-03-30T08:01:00Z,iTnews
Muji,news,"MUJI-Meets-Cyberpunk Vinyl Record Player Glows Like an Ambient Light and Charges Wirelessly. MUJI-Meets-Cyberpunk Vinyl Record Player Glows Like an Ambient Light and Charges WirelesslyMinimalism in product design has gotten boring. We’re swimming in smooth white rectangles, touch controls that offer zero feedback, and devices designed to vanish. Appl…",2026-04-08T01:45:27Z,Yanko Design
Muji,news,"Washed Cotton Canvas Sofa Cover $19.95 (RRP 399) @ Muji. Customise your couch A durable, soft cover designed for the Wooden Frame Sofa - 2.5 Seater. Made from washed cotton canvas for a natural texture and comfortable feel. Easily removable and washable, …",2026-04-15T11:32:44Z,Ozbargain.com.au
Muji,news,"In Rare Exhibition, Kenya Hara Offers a Look Into His Design Process. Kenya Hara, the internationally acclaimed Japanese designer, has long been associated with clarity, restraint, and the quiet power of minimalism: traits that are evident in his work as creative director for MUJI. But an upcoming exhibition promises to reveal …",2026-03-27T20:34:46Z,Spoon-tamago.com
Muji,news,"ATELIER MUJI 企画展『ブック・アクティビスト』 Irma Boom: Book Activist 展. [株式会社良品計画]
[画像1: https://prcdn.freetls.fastly.net/release_image/987/1812/987-1812-1220b9f5cd81ee2363438e10fc4d96b1-800x533.jpg?width=536&quality=85%2C75&format=jpeg&auto=webp&fit=bounds&...",2026-04-23T06:10:00Z,Prtimes.jp
Muji,news,"Your Vinyl, CDs, and Tapes Belong on a Wall, Not a Shelf. There’s a very specific kind of person who still owns vinyl, CDs, and cassettes. Not out of nostalgia for the sake of it, but because each format sounds and feels different in ways that streaming never quite figured out. The problem has always been finding a …",2026-03-29T09:00:50Z,The Gadgeteer
Muji,news,"DIME最新号は「名探偵コナン」TVアニメ30周年記念特集！ 制作の舞台裏、130曲以上の主題歌を総まとめ、付録は折りたたみモバイルコンテナ. [株式会社小学館]
[画像1: https://prcdn.freetls.fastly.net/release_image/13640/3638/13640-3638-033830c79b1e6f9f3bc720c9c38a1342-3056x2000.jpg?width=536&quality=85%2C75&format=jpeg&auto=webp&fit=bound...",2026-04-13T00:40:28Z,Prtimes.jp
Muji,news,"The 10 best pens for left-handed people — tested by lefties. We found some of the best pens for left-handed people after weeks of testing. Some of the best options were from Sharpie, Muji, Paper Mate and more.",2026-04-14T11:00:00Z,NBC News
Muji,news,"Mercari Japan Explained: The Ultimate Guide for Selling and Earning in 2026. Are you an expat or resident in Japan looking to declutter, earn extra yen, and enjoy a seamless online selling experience? Mercari Japan, the nation’s leading C2C marketplace, offers the perfect platform to turn unused items into cash. From branded fashion a…",2026-03-23T12:10:12Z,Whatjapanthinks.com
Muji,news,"Fragrance Diffuser Market Expected to Grow by $1.62 Billion YOY in 2026, Led by Procter & Gamble, Reckitt Benckiser, and Newell Brands. The market offers growth opportunities due to increasing demand for home and eco-friendly products, smart home integration, customization, and expanding distribution channels The market offers growth opportunities due to increasing demand for home and eco-fri…",2026-04-17T11:27:00Z,GlobeNewswire
Muji,news,"Has the Death of the Department Store Reached Japan?. Has the demise of the department store finally arrived in Japan, which has held on to them longer than most?",2026-04-12T21:00:35Z,Livemint
Muji,news,"Swiss Style Graphic Design Has Shaped Every Screen, Sign, and Brand You See Today. Most design movements age out. Swiss Style just keeps compounding. What started in the studios of Zurich and Basel in the early 1950s now lives inside Apple’s San Francisco typeface, Google’s Material Design, Notion’s interface, the New York City subway syste…",2026-04-17T05:25:34Z,Weandthecolor.com
Muji,news,Gold Standard: 13 Must-Have Japanese EDC Essentials. The finest gear from the Land of the Rising Sun.,2026-04-22T18:11:47Z,Hiconsumption.com
Muji,news,"Japanese Teens Apparently Love Nintendo Switch More Than Pokémon & Disney. Our survey says...The Brand Japan 2026 evaluation survey results have revealed that Nintendo is still an extremely-popular name with Japanese teenagers, with the both the company brand and the Switch console only being beaten by YouTube.As reported on (and tr…",2026-03-23T18:30:00Z,Nintendo Life
LVMH,news,"Italy investigates Sephora and Benefit over marketing skincare to children. The Italian Competition Authority said luxury goods giant LVMH appears to have adopted ""particularly insidious"" marketing strategies.",2026-03-29T19:37:03Z,BBC News
LVMH,news,The world's 20 richest people are $90 billion wealthier after the US-Iran ceasefire sparked a big stock rally. Mark Zuckerberg grew about $13 billion richer in one day as buzz over Meta's new AI model combined with the relief rally after the US-Iran ceasefire.,2026-04-09T11:53:44Z,Business Insider
LVMH,news,Exciting Google and Gucci luxury smartglasses may be a bigger deal than you think. A new wave of luxury wearable tech,2026-04-20T09:52:37Z,Android Police
LVMH,news,"5 of tech's biggest names have together seen nearly $200 billion wiped off their fortunes this year as AI fever cools. Oracle's Larry Ellison, Amazon's Jeff Bezos, and Meta's Mark Zuckerberg have seen their fortunes shrink as stocks have faltered.",2026-03-30T11:35:21Z,Business Insider
LVMH,news,"The most innovative fashion companies of 2026. For years, fashion’s innovation narrative centered around the shiny newcomer: The startups making sneakers out of eco-friendly materials or designing workwear that doubles as activewear. In 2026, a different story is emerging. The real growth engine in fashio…",2026-03-24T11:00:00Z,Fast Company
LVMH,news,Here's what CEOs and top execs are saying about how the Iran war is affecting business. Executives such as Goldman Sachs CEO David Solomon and LVMH CFO Cécile Cabanis have made comments on how the Iran war is affecting their businesses.,2026-04-15T12:16:06Z,Business Insider
LVMH,news,LVMH’s Bumpy Quarter: What War Impact Signals About Luxury Travel. The travel industry can glean signals from LVMH's quarterly results on how the Middle East conflict is reshaping demand for high-end travel and hospitality.,2026-04-13T21:07:42Z,Skift
LVMH,news,We May Be Living Through the Most Consequential Hundred Days in Cyber History. An archive of this year’s insane timeline of hacks few people are talking about,2026-04-13T14:53:05Z,Substack.com
LVMH,news,CELINE Is Too Good To Take off at the Beach (EXCLUSIVE). CELINE is one of the best things going in luxury & Summer 2026 is merely proof that creative director Michael Rider's output is as hot as the summer sun.,2026-04-17T19:37:48Z,Highsnobiety
LVMH,news,"The Most Underrated Thing at Milan Design Week? The Staff Uniforms. Milan Design Week is very different from Milan Fashion Week, but it's not an entirely fashion-less affair. Just look at the Yohji Yamamoto staff uniforms!",2026-04-22T17:01:00Z,Highsnobiety
LVMH,news,"12 Milan Brands We Love. Highsnobiety curates the best brands to browse, buy, and know in Milan.",2026-04-22T14:56:46Z,Highsnobiety
LVMH,news,"LVMH sales feel impact from war. Sales at the world's leading luxury group, LVMH, fell six percent in the first quarter of the year as the war in the Middle East depressed business in the region. The company, best known for Louis Vuitton handbags, Dior fashion, Moet &amp; Chandon champagne a…",2026-04-13T21:53:39Z,Japan Today
LVMH,news,"Chaumet expands environmental efforts with WWF France partnership. The LVMH-owned jeweler Chaumet is supporting biodiversity conservation projects across France, Japan and China.",2026-03-26T08:45:18Z,Luxurydaily.com
LVMH,news,"The World's Rarest Denim Makes an Insane Pair of Jorts. Kapital's Century Denim is some of the world's most prized denim, so to see it put to use for giant jorts — instead of jeans — is insane and amazing.",2026-04-16T19:55:00Z,Highsnobiety
LVMH,news,"Top 10 richest people in the world: Elon Musk loses $22 billion, Jeff Bezos overtakes Sergey Brin. Top 10 richest people in the world list, April 2026: All 10 are men, each with a net worth of at least $142 billion as of April 1, down from $148 billion last month.",2026-04-03T12:36:20Z,The Indian Express
LVMH,news,Iran tensions drag down UAE luxury retail sales – report. Boutiques at the Mall of the Emirates recorded year-on-year sales declines of between 30% and 50% in March while overall footfall at the venue fell by 15%,2026-04-14T10:59:25Z,Retail-insight-network.com
LVMH,news,Business News: Breitling’s House Of Brands Unveils New Executive Leadership With Georges Kern As Group CEO. Industry veteran and former Richemont executive Jean-Marc Pontroué to become new Breitling CEO in May.,2026-04-22T15:00:00Z,HODINKEE
LVMH,news,Business News: How Watches And Wonders Remains Worthwhile For Brands Big And Small. Watches and Wonders Geneva Foundation is targeting further brand expansion to keep costs in check for all participants.,2026-04-14T22:34:45Z,HODINKEE
LVMH,news,Marc Jacobs’ Rachel Sennott Collab Kicks Off Pivot to Social Entertainment. Marc Jacobs teamed up with Rachel Sennott on a new microdrama as it shifts toward social-first entertainment.,2026-04-23T06:00:00Z,Adweek
LVMH,news,LVMH sales hit as Middle East conflict delays luxury recovery. US and Israel’s war on Iran dented sales growth at world’s biggest luxury group.,2026-04-13T22:02:47Z,CNA
LVMH,news,"Regulators in Italy probe Sephora, LVMH for youth marketing. The French luxury conglomerate and the LVMH-owned beauty retailer are under scrutiny for marketing to minors.",2026-03-30T18:15:37Z,Luxurydaily.com
LVMH,news,How Much You’d Have If 15 Years Ago You Invested $100 in Each of These 11 Companies Owned by Top Billionaires. We figured out what a $100 investment in each of these companies 15 years ago would be today -- and whether or not it would've been a smart investment.,2026-04-12T11:00:11Z,Yahoo Entertainment
LVMH,news,"How Costco Won in Japan. Costco had to re-think its real estate, merchandising and warehouse design to succeed in Japan, which is now its largest market outside of North America.",2026-04-08T17:38:14Z,Readtrung.com
LVMH,news,"【ジバンシイ】“禁断の花”の誘惑「ランテルディ オーデパルファム ナルシス ブラン」限定登場. [LVMHフレグランスブランズ]
[画像1: https://prcdn.freetls.fastly.net/release_image/2434/411/2434-411-160fb2c68b1a8cfe632db340b8fab1a2-2000x2000.jpg?width=536&quality=85%2C75&format=jpeg&auto=webp&fit=bounds&am...",2026-03-25T02:00:00Z,Prtimes.jp
LVMH,news,"The Designer Miguel Adrover Has A Few Things to Say. Adrover speaks to VF about influencing other fashion designers, his activism, the corporate state of fashion, his new self-published monograph, and The Designer is Dead, a new documentary about his life and work.",2026-03-25T22:11:19Z,Vanity Fair
LVMH,news,"【ジバンシイ】「ジェントルマン オーデパルファム ソサイエティ」から父の日におすすめコフレが新登場. [LVMHフレグランスブランズ]
[画像1: https://prcdn.freetls.fastly.net/release_image/2434/413/2434-413-d290bd1950b15a3bd1347e39ba619b36-2500x2500.jpg?width=536&quality=85%2C75&format=jpeg&auto=webp&fit=bounds&am...",2026-04-08T03:40:38Z,Prtimes.jp
LVMH,news,"【ジバンシイ】ブランドを象徴するフレグランスシリーズからエレガントなコフレが限定登場！母の日ギフトにも. [LVMHフレグランスブランズ]
[画像1: https://prcdn.freetls.fastly.net/release_image/2434/412/2434-412-04dc8947a95cb5c692a625320ed8ec5f-2000x2000.jpg?width=536&quality=85%2C75&format=jpeg&auto=webp&fit=bounds&am...",2026-04-02T03:40:47Z,Prtimes.jp
LVMH,news,"【ジバンシイ】イレジスティブル パティスリー ポップアップイベント開催！！. [LVMHフレグランスブランズ]
[画像1: https://prcdn.freetls.fastly.net/release_image/2434/414/2434-414-6e8db918cc0cc6473d4556ba6fe2b497-2000x1000.jpg?width=536&quality=85%2C75&format=jpeg&auto=webp&fit=bounds&am...",2026-04-09T03:00:00Z,Prtimes.jp
LVMH,news,"LVMH continues to achieve organic growth in the first quarter, in a global environment impacted by the conflict in the Middle East. Paris, April 13, 2026  LVMH Moët Hennessy Louis Vuitton, the world’s leading high-quality products group, recorded revenue of €19.1 billion in the first...",2026-04-13T15:45:00Z,GlobeNewswire
LVMH,news,"LVMH: AVAILABILITY OF THE 2025 UNIVERSAL REGISTRATION DOCUMENT. Paris, April 1st, 2026  LVMH Moët Hennessy Louis Vuitton announces the availability of its 2025 Universal Registration Document (URD), in accordance with...",2026-04-01T10:30:00Z,GlobeNewswire
UniQlo,news,"Things I learned from Reddit fashion. When it comes to clothes, I live at the “low cost/low time/low quality” end of the pareto frontier. But the bay area had a sudden attack of weather this December, and the cheap sweaters on Amazon g…",2026-04-07T14:35:13Z,Acesounderglass.com
UniQlo,news,"7 U.S. Shopping Destinations That Take Retail Therapy Seriously. From New York City to Charleston, these U.S. shopping destinations offer everything from luxury boutiques to charming local finds.",2026-03-31T22:29:00Z,Mental Floss
UniQlo,news,"Uniqlo announces new T-shirts for One Piece, Naruto and more for manga publisher’s 100th birthday. Characters from Weekly Shonen Jump, Weekly Young Jump, and Ribon join the UT graphic T-shirts lineup. Back at the start of the year, Uniqlo announced that they were partnering with publisher Shueisha for a series of T-shirts featuring artwork from some of the…",2026-03-26T05:00:13Z,SoraNews24
UniQlo,news,"Soft Pants on Sale, Rare Discounts on the Ordinary, and More Weekend Deals. Our deals editor found the best sales online, including Naadam’s Friends and Family Sale, Best in Class baby bottles, and 30 percent off T3’s hair tools.",2026-04-10T18:47:53Z,The Cut
UniQlo,news,"Bottoms Are The New Tops. Plus ASICS shorts, a Rier fleece polo, and Miu Miu sunnies",2026-04-09T18:56:16Z,Highsnobiety
UniQlo,news,"Dodgers, UNIQLO announce naming rights partnership at Dodger Stadium. LOS ANGELES — The Los Angeles Dodgers and global apparel retailer UNIQLO have announced a landmark partnership that will introduce “UNIQLO Field at Dodger Stadium,” marking the company’s first major sports sponsorship in the United States.",2026-03-26T02:09:31Z,Thesportingtribune.com
UniQlo,news,Game 13 Game Day Thread – Texas Rangers @ Los Angeles Dodgers. Venturing to the storied UNIQLO Field in LA,2026-04-11T01:10:00Z,Yahoo Entertainment
UniQlo,news,"Uniqlo operator posts record 1st half profit on strong global sales. Fast Retailing Co, operator of the Uniqlo clothing chain, said Thursday it posted a record net profit of 279.29 billion yen for its first half through February, up 19.6 percent from a year earlier, driven by strong sales at home and abroad. The Japanese compa…",2026-04-09T21:44:19Z,Japan Today
UniQlo,news,"『UNIQLO and Cecilie Bahnsen (ユニクロ アンド セシリー バンセン)』 2026年春夏コレクション2026年5月22日（金）より発売. [株式会社ユニクロ]
[画像1: https://prcdn.freetls.fastly.net/release_image/76227/111/76227-111-1ab46278e7df6bc89b61804ab8c1c2d7-816x83.jpg?width=536&quality=85%2C75&format=jpeg&auto=webp&fit=bounds&amp...",2026-04-22T02:00:00Z,Prtimes.jp
UniQlo,news,"Shizuoka Aims to Reclaim Top Tea Status With New Branding Project. Shizuoka has long been Japan’s most iconic tea-producing region. But in today’s global market, heritage alone doesn’t guarantee recognition. Several years ago, Shizuoka was overtaken for the first time by Kagoshima in terms of the value of tea production. The…",2026-04-19T16:40:15Z,Spoon-tamago.com
UniQlo,news,UNIQLO’s Super Mario Galaxy Movie Shirts Arrive Later This Month. Could your wardrobe use a little cosmic energy? UNIQLO is about to make your closet dreams come true. The beloved Japanese retailer is dropping a new collection of Super Mario Galaxy-themed shirts later this month. The Galaxy Is Coming to Your Closet UNIQLO h…,2026-03-24T18:34:28Z,ComicBook.com
UniQlo,news,Dodger Stadium field undergoes name change for 1st time in franchise history. It was announced on Wednesday that the field at Dodger Stadium will now be called Uniqlo Field.,2026-03-26T15:35:44Z,Yahoo Entertainment
UniQlo,news,Shaikin: The signs say Uniqlo Field. You will continue to say Dodger Stadium. Are the Dodgers baseball's version of a gold mine? Yes. Do they spend big and win big? Also yes. Do you mind if Uniqlo essentially covers Freddie Freeman's salary this season?,2026-03-26T14:15:54Z,Yahoo Entertainment
UniQlo,news,11 Lightweight Rain Jackets That'll Actually Keep You Dry. Waterproof and breathable is a tall order. These lightweight rain jackets make it look easy.,2026-03-23T21:31:00Z,esquire.com
UniQlo,news,"Andy Warhol’s Former Studio Building Now Home to New Uniqlo Union Square Store. Andy Warhol's former studio, the Factory, was in the same building on Broadway that is now home to Uniqlo's Union Square outpost.",2026-04-02T20:09:49Z,ARTnews
UniQlo,news,"Emma Raducanu reveals surprising off-court ambition. Tennis fans hope to see more of 23-year-old British player Emma Raducanu on the courts this spring and summer as we near her favorite part of the season, the grass court swing. In the meantime, we learn more about the…",2026-04-17T10:09:13Z,The Big Lead
UniQlo,news,Field at Dodger Stadium gets a sponsor name for first time in history of MLB's third-oldest ballpark. The field at Dodger Stadium has a sponsor name for the first time in the history of the third-oldest ballpark in the major leagues. Uniqlo Field was unveiled Wednesday on the eve of the Los Angeles Dodgers opening their bid for a third straight World Series c…,2026-03-26T03:27:05Z,Yahoo Entertainment
UniQlo,news,Field at Dodger Stadium gets a sponsor name for first time in history of MLB's third-oldest ballpark. The field at Dodger Stadium has a sponsor name for the first time in the history of the third-oldest ballpark in the major leagues. Uniqlo Field was unveiled Wednesday on the eve of the Los Angeles Dodgers opening their bid for a third straight World Series c…,2026-03-26T03:27:05Z,Yahoo Entertainment
UniQlo,news,NEWS: Another Store Is Now PERMANENTLY CLOSED at Disney Springs. A Disney Springs store is now officially closed.,2026-03-30T14:16:43Z,disneyfoodblog.com
UniQlo,news,"Uniqlo owner Fast Retailing books 29.4% rise in Q2 profit, raises forecast. Fast Retailing raises its full-year operating profit forecast to 700 billion yen from 650 billion yen, putting the ‌retailer on track for a fifth-consecutive year of record earnings",2026-04-09T07:23:33Z,BusinessLine
UniQlo,news,"ケアがなければ、社会は成り立たない。クリエイティブが、ケアの見え方を変える。care:tive award、参加者募集開始。. [一般社団法人KAiGO PRiDE]
[画像1: https://prcdn.freetls.fastly.net/release_image/79764/29/79764-29-fafffc22c138283589f68d76587590e0-3900x2600.jpg?width=536&quality=85%2C75&format=jpeg&auto=webp&fit=bounds&am...",2026-04-02T05:00:00Z,Prtimes.jp
UniQlo,news,"Mercari Japan Explained: The Ultimate Guide for Selling and Earning in 2026. Are you an expat or resident in Japan looking to declutter, earn extra yen, and enjoy a seamless online selling experience? Mercari Japan, the nation’s leading C2C marketplace, offers the perfect platform to turn unused items into cash. From branded fashion a…",2026-03-23T12:10:12Z,Whatjapanthinks.com
UniQlo,news,"The Best Track Pants to Wear This Spring. Track pants are a staple in The Cut team’s closets.  Since we’ve tried so many variations and have our favorites, I’ve rounded up the top ones currently in my rotation, along with others we recommend — just in time for spring.",2026-03-25T14:49:44Z,The Cut
UniQlo,news,Noah Wyle Taps Todd Synder for Hollywood Walk of Fame Look. The Pitt's Noah Wyle wore a linen Todd Snyder suit to receive his star on the Hollywood Walk of Fame. Here's how you can own it (or something very similar).,2026-04-15T19:52:23Z,menshealth.com
UniQlo,news,Disney Springs Store Permanently CLOSES Tomorrow. This is the LAST day to experience this Disney Springs store!,2026-03-28T14:27:24Z,disneyfoodblog.com
UniQlo,news,"Japan’s Fast Retailing Profit Grows on Uniqlo, Seven & i Mixed. Japan kicks off its earnings season with the owners of Uniqlo and 7-Eleven stores. Earnings from the retail giants are expected to be a mixed bag, with uncertainty hovering over their outlook amid the Middle East conflict.",2026-04-06T02:37:00Z,Financial Post
UniQlo,news,Game 15 Game Day Thread – Texas Rangers @ Los Angeles Dodgers. Turning to deGrom,2026-04-12T19:10:00Z,Lone Star Ball
UniQlo,news,"Plaschke: Seeing double: Dodgers celebrate titles on a sparkling opening day. There were fireworks, music, celebrities and banners, but the real stars of Dodger opening day never made a sound.",2026-03-27T03:55:20Z,Yahoo Entertainment
Woolworths Australia,news,"Breaking: Class action filed against Kmart alleges 'systemic' wage underpayment. Kmart managers have alleged they were routinely required to work ""well beyond"" their rostered hours without receiving overtime rates, penalty rates, or prescribed allowances.",2026-04-02T04:00:54Z,ABC News (AU)
Woolworths Australia,news,"Criteo and DoorDash expand retail commerce media partnership. Under the agreement, Criteo will support DoorDash’s advertising sales activities in Canada by bringing additional brand and agency demand across North...",2026-04-17T11:11:52Z,Retail-insight-network.com
Woolworths Australia,news,"Oil crisis revives talks of levy on plastic packaging. The war in Iran renews the government's interest in reducing Australia's dependence on imported packaging, particularly oil-reliant plastic.",2026-03-26T18:37:23Z,ABC News (AU)
Woolworths Australia,news,Milk prices may need to increase to cover soaring fuel and fertiliser costs. Dairy farmers across Australia are battling crippling fuel and fertiliser costs. The industry is now calling for a 30-cent-per-litre rise in milk prices on supermarket shelves.,2026-04-10T20:33:21Z,ABC News (AU)
Woolworths Australia,news,Surcharges on debit and credit cards to go from October. The removal of surcharges on debit and credit cards is one of the sweeping reforms from the Reserve Bank.,2026-03-30T23:16:04Z,ABC News (AU)
Woolworths Australia,news,"Overheated cows, flooded highways, and now a fuel crisis: why Australia’s food system is in big trouble. Australia produces enough food for 75 million people. But intensifying heat and natural disasters and competition for water are eroding food security.",2026-04-20T20:08:13Z,The Conversation Africa
Woolworths Australia,news,Fuel crisis driving some farmers to consider abandoning harvests. Tasmanian farmers are considering not harvesting crops like broccoli and cauliflower because increasing freight costs are proving to be so debilitating.,2026-04-02T21:24:27Z,ABC News (AU)
Woolworths Australia,news,"What’s open and closed this Easter Sunday 2026 in Australia? Check Supermarket and shopping centre timings and trading hours. Easter Sunday 2026 approaches with varied shopping hours across Australia. Major supermarkets like Woolworths, Coles, and ALDI will have different opening times. Many stores will close on Good Friday and Easter Sunday. Shoppers should check local store detail…",2026-04-04T09:51:05Z,The Times of India
Woolworths Australia,news,Easter trading hours 2026: Reduced retail operations nationwide as Easter Monday sees limited openings across Australia. Australian shoppers face limited retail access this Easter long weekend. Major supermarkets and chains will operate on reduced hours or remain closed. Easter Monday trading varies widely by state. Shoppers are urged to check local store timings in advance to …,2026-04-06T03:57:03Z,The Times of India
Woolworths Australia,news,"From No Pokies to no MPs: Last SA Best member proud of party's legacy after losing seat. SA Best, the party formed by stunt-loving politician Nick Xenophon, has closed its chapter in South Australian political history with its final member Connie Bonaros losing her seat in last month's state election.",2026-04-11T21:23:13Z,ABC News (AU)
Woolworths Australia,news,"3 blue-chip ASX dividend shares to buy and hold. Let's see why these shares could be top picks for income investors.
The post 3 blue-chip ASX dividend shares to buy and hold appeared first on The Motley Fool Australia.",2026-03-29T20:25:51Z,Motley Fool Australia
Woolworths Australia,news,"3 of the best ASX retirement shares to buy now. Building a retirement portfolio? Here are three top shares to consider for it.
The post 3 of the best ASX retirement shares to buy now appeared first on The Motley Fool Australia.",2026-04-08T21:38:33Z,Motley Fool Australia
Woolworths Australia,news,"3 ASX shares for a winning retirement portfolio. Here's what makes these shares top picks for retirees.
The post 3 ASX shares for a winning retirement portfolio appeared first on The Motley Fool Australia.",2026-04-18T19:36:00Z,Motley Fool Australia
Woolworths Australia,news,"5 excellent ASX shares to buy for a retirement portfolio. From supermarkets to infrastructure and property, these ASX shares bring different strengths to a long-term retirement portfolio.
The post 5 excellent ASX shares to buy for a retirement portfolio appeared first on The Motley Fool Australia.",2026-03-23T19:00:00Z,Motley Fool Australia
Woolworths Australia,news,'Out of the pocket of taxpayers': Unis spend $1.8b on consultants and contractors. Consultancies have been accused of infiltrating universities and wasting scarce public funds on questionable advice about cutting courses and jobs.,2026-03-29T18:50:09Z,ABC News (AU)
Woolworths Australia,news,How court cases against Woolworths and Coles could change the future of shopping in Australia. These cases will set the rules for what ‘truth in advertising’ means in Australia – and how closely buyers will need to beware discount price claims.,2026-04-22T02:19:40Z,The Conversation Africa
Woolworths Australia,news,"Australia Quick Commerce Databook Report 2026: Market Size & Forecast by Value and Volume Across 100+ KPIs by Product Type, Payment Mode, Age Group, Location, Business Model, Delivery Time 2020-2029. Key opportunities in Australia's quick commerce market include retailer-led integration in grocery and alcohol delivery, geographical expansion into regional areas, and the convergence of multi-category ecosystems. As price sensitivity increases, optimising d…",2026-04-21T08:01:00Z,GlobeNewswire
Woolworths Australia,news,Frozen veg in New Zealand: The data behind McCain and Wattie’s cuts. Households now spend about $312m a year on frozen and processed vegetables.,2026-04-09T21:00:00Z,New Zealand Herald
Woolworths Australia,news,More complaints arise about Woolworths’ use of AI personality analysis in job interviews. The Herald recently reported on a teen who said he was unfairly judged by an AI interview.,2026-03-28T02:00:00Z,New Zealand Herald
Woolworths Australia,news,New Zealand First to campaign on breaking up supermarket duopoly. A three-point plan to shake up the supermarket sector and deliver lower prices for Kiwis.,2026-04-19T00:13:05Z,New Zealand Herald
Woolworths Australia,news,What's in 'Australian Made' products? Not necessarily Australian produce. Farmers battling cheap imported produce want a review of food labelling laws to highlight what Australian produce is included in products.,2026-04-08T21:00:59Z,ABC News (AU)
Woolworths Australia,news,"A wave of low-cost electric trucks is heading for Australia. Diesel trucks are the backbone of the national supply chain, but figures buried in recent sales data could mark the beginning of the end for these kings of the road.",2026-04-09T05:18:21Z,ABC News (AU)
Woolworths Australia,news,"Petrol stations tried to 'shape' the market – now it's shaping them. Petrol stations in our biggest cities hiked prices ahead of global oil prices, but experts say their profit margins are now much slimmer.",2026-03-30T19:31:35Z,ABC News (AU)
Woolworths Australia,news,Money’s tight but food prices are up. Here’s how to save on your grocery bill. You don’t need to go without meat or dairy to afford your weekly shop. Here’s how to choose lower-cost items and spot bargains.,2026-04-08T05:02:03Z,The Conversation Africa
Woolworths Australia,news,"No‑one has been prosecuted for wage theft since it became a crime. 2 inquiries want answers. For workers still being deliberately underpaid, it’s vital to ensure these laws are actually working.",2026-04-16T18:42:22Z,The Conversation Africa
Woolworths Australia,news,"Easter Monday: Are Woolworths, Coles, Other Stores Open?. The Easter long weekend is about to end, and here's a quick guide on which supermarkets, stores, and shopping centres will reopen on Easter Monday.",2026-04-06T04:00:44Z,Ibtimes.com.au
Woolworths Australia,news,"Why Burger King Is Called Hungry Jack's in Australia?. Walk into any of the more than 440 Hungry Jack's restaurants scattered across Australia and you'll order a Whopper, fries and a Coke — exactly as you would at a Burger King anywhere else in the world.",2026-03-27T13:27:34Z,Ibtimes.com.au
Woolworths Australia,news,"Easter 2026 Trading Hours Australia: When Shops Open This Long Weekend. SYDNEY, Australia — Australians heading into the Easter long weekend from April 3 to 6, 2026, face a patchwork of retail trading restrictions that vary significantly by state and territory, with major supermarkets, shopping centres and bottle shops observing …",2026-04-02T06:38:08Z,Ibtimes.com.au
Woolworths Australia,news,"The nine books we couldn't put down in March. Wondering what to read next? Gothic crime fiction, a cult Japanese bestseller and a fantastical twist on the Blitz are among our critics' latest recommendations.",2026-03-27T18:30:00Z,ABC News (AU)
Woolworths Australia,news,Canadian maple syrup is cheaper in Australia. An expert explains why you might be seeing higher prices. A Reddit post comparing prices in Loblaws with Australia's Woolworths has sparked outrage online,2026-04-09T18:50:42Z,National Post
Coles Group,news,"6 Songs You Might Not Know Were Written By Bruce Springsteen. In addition to his long list of hits, The Boss is responsible for other great songs you might not have known he wrote.",2026-04-13T16:00:03Z,Mental Floss
Coles Group,news,The Aircraft That Shouldn’t Have Been Able To Fly - But Did. The Aircraft That Shouldn’t Have Been Able To Fly - But Did,2026-03-26T05:31:47Z,Yahoo Entertainment
Coles Group,news,"Daisy Ridley's New R-Rated Zombie Thriller Finally Releases On Hulu In 2 Weeks. Daisy Ridley's new R-rated zombie thriller finally releases on Hulu in just two weeks, nearly four months after its theatrical release.",2026-04-21T00:04:27Z,Screen Rant
Coles Group,news,"Oil crisis revives talks of levy on plastic packaging. The war in Iran renews the government's interest in reducing Australia's dependence on imported packaging, particularly oil-reliant plastic.",2026-03-26T18:37:23Z,ABC News (AU)
Coles Group,news,"The Serial Killers Return. There’s an air of confidence that comes with being as revered as someone like B-Real or Xzibit. There’s nothing left to prove. Their contributions to hip-hop are well documented. They’re a permanent part of the culture’s history. They’ve blazed trails, broken…",2026-04-07T12:00:00Z,Spinmagazine.com
Coles Group,news,Project Mario: the inside story of DeepMind. The inside story of how DeepMind’s experiments in AI safety governance transformed Demis Hassabis from an idealist into a realist,2026-03-31T15:18:40Z,Colossus.com
Coles Group,news,"Sussex have a chance to make history, says Robinson. Sussex captain Ollie Robinson says the team are using the club's financial problems as extra motivation for the new season.",2026-03-27T10:42:27Z,BBC News
Coles Group,news,Saints won despite 'every error in the playbook'. The Northampton centre says the team has high standards and handling errors let Newcastle back into the game.,2026-03-23T11:59:46Z,BBC News
Coles Group,news,Supermarket milk price rises tipped to help hundreds of dairy farmers. War-related milk price rises at supermarkets are predicted in the coming months as hundreds of dairy farmers battling increasing costs receive more for their product.,2026-04-15T20:55:23Z,ABC News (AU)
Coles Group,news,"[Westpac, StG, BoM, BSA] Gift Card Bonus Cashback: 8% Coles Group & Myer, 8% Kmart @ ShopBack. Bonus cashback is based on the amount paid with your linked eligible Bank card. Gift Card Standard Cashback Bonus Cashback Total Cashback Coles Group & Myer 1% 8% 9% …",2026-04-07T14:02:56Z,Ozbargain.com.au
Coles Group,news,"3 reasons to buy Coles shares today. A leading analyst expects Coles shares are well-placed to outperform. But why? 
The post 3 reasons to buy Coles shares today appeared first on The Motley Fool Australia.",2026-04-20T01:57:32Z,Motley Fool Australia
Coles Group,news,"The Dodgers are once again World Series favorites. Can anyone stop L.A. from becoming a dynasty?. As Opening Day 2026 approaches, we break down the biggest storylines to watch including the Los Angeles Dodgers' dominance, a loaded AL East and Tarik Skubal's future.",2026-03-25T15:25:58Z,NBC News
Coles Group,news,‘We should absolutely make the playoffs every single year’: Mammoth balancing excitement with expectations. Here’s what playoff hockey is all about.,2026-04-10T22:06:46Z,Deseret News
Coles Group,news,"The 45 phone pings that traced the last known steps of Celine Cremer. Belgian backpacker Celine Cremer was on the trip of a lifetime, but on a hike in Tasmania she left the trail and was never seen again. It took a private investigator, a YouTuber, loved ones and an army of volunteers to find answers.",2026-04-12T18:48:01Z,ABC News (AU)
Coles Group,news,"$5,000 invested in Coles shares 10 days ago is now worth…. Coles shares are trading in the green again on Thursday morning.
The post $5,000 invested in Coles shares 10 days ago is now worth… appeared first on The Motley Fool Australia.",2026-04-09T01:22:15Z,Motley Fool Australia
Coles Group,news,Milk prices may need to increase to cover soaring fuel and fertiliser costs. Dairy farmers across Australia are battling crippling fuel and fertiliser costs. The industry is now calling for a 30-cent-per-litre rise in milk prices on supermarket shelves.,2026-04-10T20:33:21Z,ABC News (AU)
Coles Group,news,"4/25/26: Canyon Music & Art Festival - $10. 2026 Music and Art Festival – a family friendly, community building school fundraiser! Get your tickets here: bit.ly/4sfQKbk
General Admission Includes:
Live music (Ruby Lee Hill, Leah & Jeremy, Sibling Revelry, Súil na Seabhac, Canyon Critters, Dungeon Maste…",2026-04-04T19:36:06Z,Funcheap.com
Coles Group,news,"What’s open and closed this Easter Sunday 2026 in Australia? Check Supermarket and shopping centre timings and trading hours. Easter Sunday 2026 approaches with varied shopping hours across Australia. Major supermarkets like Woolworths, Coles, and ALDI will have different opening times. Many stores will close on Good Friday and Easter Sunday. Shoppers should check local store detail…",2026-04-04T09:51:05Z,The Times of India
Coles Group,news,"Meghan Markle advert removed from fashion website after she was criticised for selling 'look' she wore while meeting Bondi beach terror attack survivors. The Duchess of Sussex was criticised after her $2,000 'look' when she met survivors of the massacre was posted on a website where she is paid a percentage from sales.",2026-04-21T23:22:05Z,Dailymail.com
Coles Group,news,"Brad Stevens talked Jayson Tatum, the Celtics ceiling, and more. Here’s everything I took away.. Brad Stevens talked Jayson Tatum, Nikola Vucevic, and Joe Mazzulla and the coaching staff in a wide-ranging interview.",2026-04-08T17:58:18Z,Celtics Blog
Coles Group,news,"New Episodes of ""Tyler Perry's Divorced Sistas"" Arrive on Paramount+ April 15. The eight-episode conclusion to season one will debut with two episodes at launch, followed by a weekly rollout, culminating in the season finale on Wednesday, May 27.",2026-04-07T11:30:00Z,Thefutoncritic.com
Coles Group,news,"The reliable ASX dividend shares I'd buy with $10,000. Building passive income starts with the right foundations. Here are three ASX shares I would consider today.
The post The reliable ASX dividend shares I'd buy with $10,000 appeared first on The Motley Fool Australia.",2026-04-07T02:45:24Z,Motley Fool Australia
Coles Group,news,"D2C before DSPs is music’s parallel economy. Here’s the data from EVEN.. This post is written by Mag Rodriguez, Founder and CEO of EVEN, a direct-to-consumer music infrastructure platform. EVEN has onboarded over 500,000 artists through distribution partnerships with UnitedMasters, Too Lost, […]
The post is from Music Ally.",2026-03-24T17:11:06Z,Music Ally
Coles Group,news,"2 ASX blue-chip shares offering big dividend yields. These businesses can provide investors with good passive income. 
The post 2 ASX blue-chip shares offering big dividend yields appeared first on The Motley Fool Australia.",2026-04-14T03:00:00Z,Motley Fool Australia
Coles Group,news,"Australia Quick Commerce Databook Report 2026: Market Size & Forecast by Value and Volume Across 100+ KPIs by Product Type, Payment Mode, Age Group, Location, Business Model, Delivery Time 2020-2029. Key opportunities in Australia's quick commerce market include retailer-led integration in grocery and alcohol delivery, geographical expansion into regional areas, and the convergence of multi-category ecosystems. As price sensitivity increases, optimising d…",2026-04-21T08:01:00Z,GlobeNewswire
Coles Group,news,"1 ASX dividend stock down 22% I'd buy right now. It could be a great time to invest in this leading business.
The post 1 ASX dividend stock down 22% I'd buy right now appeared first on The Motley Fool Australia.",2026-04-07T00:33:29Z,Motley Fool Australia
Coles Group,news,"Sex teacher Jenny Keane: ‘Are Irish people sexually repressed? I always say absolutely not. No way’. The Irish educator and entrepreneur on her work helping to change attitudes, create community, grow knowledge and break down taboos",2026-04-18T04:00:00Z,The Irish Times
Gucci,news,"Gucci-branded Google smart glasses are coming next year. Google is reportedly partnering with Gucci to make a pair of AI smart glasses stylish enough people might actually want to wear them. According to Reuters, Gucci parent company Kering is planning to launch the glasses sometime in 2027. Google's first pair of …",2026-04-16T20:31:31Z,The Verge
Gucci,news,"Google Wants to Put Gucci Smart Glasses on Your Face. Luxury smart glasses, anyone?",2026-04-16T20:30:31Z,Gizmodo.com
Gucci,news,"Google’s next smart glasses bet brings Gucci into the mix. Google and Gucci are teaming up on Android XR smart glasses, aiming to finally make wearable tech stylish, useful, and ready for everyday use.",2026-04-20T13:19:57Z,Android Central
Gucci,news,"Gucci Mane Allegedly Kidnapped, Robbed In “Armed Takeover” By Pooh Shiesty And Big30, DOJ Says. None",2026-04-02T20:08:07Z,Yahoo Entertainment
Gucci,news,The Race for Fashion Smart Glasses Is On. Gucci next on deck? It's all starting to feel like smartwatches circa 2017.,2026-04-17T16:14:21Z,CNET
Gucci,news,Exciting Google and Gucci luxury smartglasses may be a bigger deal than you think. A new wave of luxury wearable tech,2026-04-20T09:52:37Z,Android Police
Gucci,news,"Android XR could get its own luxury rival to Ray-Ban Meta next year. Gucci owner Kering says its Android XR smart glasses could arrive in 2027, making it one of the first luxury brands in the space.",2026-04-16T20:44:14Z,Android Authority
Gucci,news,"Love the ring, hate the look: Oura fans are shelling out $10,000 to upgrade their wearables. Fine jewelers say demand for Oura Ring jackets is booming with brands receiving requests for customs and launching for-purchase collections.",2026-03-25T12:41:34Z,Business Insider
Gucci,news,"Gucci Mane Unleashes Diss Track After Alleged Kidnapping by Pooh Shiesty. “After all that, boy, you still signed to me,” he raps on “Crash Dummy”",2026-04-10T16:43:14Z,Pitchfork
Gucci,news,"Pooh Shiesty Charged with Robbery, Kidnapping Over Alleged Gucci Mane Label Dispute. The rapper—AKA Lontrell Williams, Jr.—was arrested on April 1 along with seven other suspects",2026-04-02T23:34:05Z,Pitchfork
Gucci,news,Pooh Shiesty Denied Bail in Gucci Mane Kidnapping Case: ‘Credible Evidence Presented’. Pooh Shiesty was denied bail Wednesday as he fights charges he forced Gucci Mane to sign a record label contract release at gunpoint.,2026-04-09T00:52:45Z,Rolling Stone
Gucci,news,"At 48, I left my Virginia teaching job and moved to Italy. A Facebook group I started for women led me to start my own business.. After moving to Italy, Linda Meyer started a Facebook group, inviting women stuck in the same midlife rut to visit and experience her village.",2026-04-20T00:14:01Z,Business Insider
Gucci,news,"This menswear status symbol is so subtle you might not even notice it. Monograms were once used to differentiate items at dry cleaners. Now, clothes and accessories that feature the small letters signal status.",2026-04-18T09:42:01Z,Business Insider
Gucci,news,"Google to Launch Gucci-Branded Android XR Smart Glasses in 2027. Kering, the fashion group behind Gucci, has announced a partnership with Google to develop luxury smart glasses, with a planned launch in 2027.
Thank you for being a Ghacks reader. The post Google to Launch Gucci-Branded Android XR Smart Glasses in 2027 appea…",2026-04-21T08:43:18Z,Ghacks Technology News
Gucci,news,"Gucci-branded Android XR smart glasses are coming in 2027. Given how personal and expressive glasses can be, it’s important that they are available in a wide variety of styles. Google’s upcoming Android XR glasses will eventually have designs from Gucci. 



 more…",2026-04-16T18:17:28Z,9to5google.com
Gucci,news,"Gucci Is Going After Ray-Ban Meta, With Google’s Help. Luxury AI eyewear is about to meet your face, and the name on the temples might just be Gucci. Kering CEO Luca de Meo has confirmed that Gucci is teaming up with Google on a pair of AI smart glasses, widely reported to run on Android XR, and the project is al…",2026-04-18T17:00:25Z,The Gadgeteer
Gucci,news,"Behind the unraveling of Dan Crenshaw. In 2019, a 36-year-old Rep. Dan Crenshaw (R-TX), newly elected to Congress, was photographed for the inaugural Time 100 Next List, wearing a dashing eye patch and looking upwards with hope. A Harvard-educated Navy SEAL who'd lost his legs while fighting the T…",2026-04-21T21:44:43Z,The Verge
Gucci,news,"Watch: Spike Jonze Directs Zendaya in Surreal 'Shape of Dreams' Ad. Dream On? Time for another dose of ""but when will Spike Jonze ever directed a new movie?"" distraction. Alas there's still no word on if he's directing a feature film project anytime soon. But while we wait, patiently for it to happen one day, he is still whip…",2026-04-10T20:43:06Z,First Showing
Gucci,news,"Where Instagram’s Creative Strategist Gets Vintage Gucci. Instagram’s creative strategist, Jackie Shuya Tan, shares her favorite finds from thrift stores in Montreal and Paris, plus her tricks for shopping on eBay.",2026-04-08T12:00:06Z,The Cut
Gucci,news,Here's what CEOs and top execs are saying about how the Iran war is affecting business. Executives such as Goldman Sachs CEO David Solomon and LVMH CFO Cécile Cabanis have made comments on how the Iran war is affecting their businesses.,2026-04-15T12:16:06Z,Business Insider
Gucci,news,"Pooh Shiesty Arrested and Charged with Kidnapping Gucci Mane. Not for the first time, hip-hop fans have heard the name Pooh Shiesty and asked themselves, ""What is this shit?""
Pooh Shiesty Arrested and Charged with Kidnapping Gucci Mane
Wren Graves",2026-04-02T18:52:49Z,Consequence.net
Gucci,news,Kering reports Q1 sales decline as Gucci weighs on performance. None,2026-04-15T09:18:47Z,Yahoo Entertainment
Gucci,news,"Gucci Mane drops Pooh Shiesty diss track after alleged robbery. Guwop also taunts Big30 and Shiesty’s father, named as accomplices by the DOJ, on “CRASH DUMMY.”",2026-04-10T16:07:58Z,The FADER
Gucci,news,"Google And Gucci Collaborate On Luxury AI-Enhanced Smart Glasses For 2027. More than a decade after the original Google Glass failed to achieve mainstream appeal, Google is pivoting its strategy toward the luxury fashion sector. In a bid to redefine smart eyewear as a desirable consumer accessory, Google has entered a strategic part…",2026-04-19T21:36:26Z,Ubergizmo
Gucci,news,"Samsung’s upcoming Galaxy Glasses could be rivaled by… Gucci?. Samsung is expected to unveil its first smart glasses later this year. They will compete with Meta’s existing AI glasses and Apple’s rumored upcoming smart glasses. However, Samsung could face another unexpected competitor: Gucci, the luxury fashion brand fro…",2026-04-17T08:12:15Z,SamMobile
Gucci,news,"Gucci’s Renaissance: Kering CEO Luca de Meo Unveils Strategies to Revive Brand. The executive outlined a comprehensive vision to restore Gucci’s status as a global luxury powerhouse, emphasizing clarity, cultural relevance and...",2026-04-16T17:48:28Z,WWD
Gucci,news,"$uicideboy$ Announce 2026 “Grey Day Tour”. $uicideboy$ have announced their 33-date 2026 ""Grey Day Tour"" with support from Destroy Lonely, Shoreline Mafia, Shakewell, DRAIN, Black Kray and $lim Gucci.",2026-03-31T20:58:33Z,Consequence.net
Gucci,news,"Pooh Shiesty and Big30 arrested after robbing and kidnapping Gucci Mane, says DOJ. The “Back in Blood” rapper is accused of forcing Gucci Mane to release Pooh Shiesty from his 1017 contract at gunpoint.",2026-04-02T19:55:49Z,The FADER
Gucci,news,"Amazing Romantic Art Exploring The Small, Beautiful Moments Of Everyday Life by Lorraine Sorlet. Lorraine Sorlet is a highly successful French artist, illustrator, and animator based in Paris. Born in 1992, she graduated from the prestigious Gobelins, l’école de l’image. Sorlet is widely celebrated for her minimalist, romantic, and deeply relatable illus…",2026-04-02T16:49:48Z,Designyoutrust.com
Gucci,news,"21 Real Cute Cats Looking Happy in Hats Just Because. There is a reason the fashion world calls it a ""catwalk,"" and that is because cats are as stylish as they are cute. So let's rejoice in them looking extra happy in hats, because why not? We love cats!
If I were at a fashion show, I would pay attention much m…",2026-03-26T22:00:00Z,Cheezburger.com
